id,country_code,country,document,page_url,print_width_mm,print_height_mm,print_width_in,print_height_in,digital_width_px,digital_height_px,digital_min_px,digital_max_px,digital_aspect,digital_min_kb,digital_max_kb,digital_formats,head_height_mm_min,head_height_mm_max,head_height_pct_min,head_height_pct_max,background,background_hex,max_photo_age_months,home_photo_accepted,photo_capture,print_requirement,confidence,verified_on,source_url,source_publisher
au-citizenship,AU,Australia,Australian citizenship by conferral (Form 1300t),https://ovalight.com/en/australia/citizenship-photo/,35,45,1.38,1.77,,,,,,,,,32,36,71.1,80,neutral; light grey,,6,yes,self,photo_paper_recommended,medium,2026-10-03,https://immi.homeaffairs.gov.au/form-listing/forms/1300t.pdf,Department of Home Affairs
au-passport,AU,Australia,Australian Passport,https://ovalight.com/en/australia/passport-photo/,35,45,1.38,1.77,,,,,,,,,32,36,71.1,80,white; light grey,#FFFFFF,6,yes,self,lab_print_only,high,2026-10-03,https://www.passports.gov.au/help/passport-photos,"passports.gov.au (DFAT, Australian Passport Office)"
au-visa,AU,Australia,Australian visa (Department of Home Affairs),https://ovalight.com/en/australia/visa-photo/,35,45,1.38,1.77,1200,1600,,,3:4,70,3500,jpeg,32,36,71.1,80,neutral; light grey,,6,yes,self,photo_paper_recommended,high,2026-10-07,https://immi.homeaffairs.gov.au/help-support/applying-online-or-on-paper/online/attach-documents-to-your-application,Department of Home Affairs
az-id-card,AZ,Azerbaijan,Şəxsiyyət vəsiqəsi (Azerbaijani ID card),https://ovalight.com/en/azerbaijan/id-card-photo/,,,,,,,,,,,,,,,,,,,,no,office,not_applicable,high,2026-10-03,https://asan.gov.az/service/asan-xidmetler/sexsiyyet-vesiqelerinin-verilmesi-ve-deyisdirilmesi,asan.gov.az
az-passport,AZ,Azerbaijan,Ümumvətəndaş pasportu (Azerbaijani ordinary/biometric passport),https://ovalight.com/en/azerbaijan/passport-photo/,,,,,,,,,,,,,,,,,,,,no,office,not_applicable,high,2026-10-03,https://asan.gov.az/service/asan-xidmetler/uemumvetendas-pasportlarinin-verilmesi-ve-deyisdirilmesi,asan.gov.az
az-visa,AZ,Azerbaijan,Azerbaijan visa (consular),https://ovalight.com/en/azerbaijan/visa-photo/,30,40,1.18,1.57,,,,,,,,,,,,,,,,yes,self,photo_paper_recommended,high,2026-10-03,https://www.mfa.gov.az/az/category/viza/vizanin-verilmesi-ucun-teleb-olunan-senedler,mfa.gov.az
bh-id-card,BH,Bahrain,"Bahrain identity card (CPR smartcard, iGA) – citizens & residents",https://ovalight.com/en/bahrain/id-card-photo/,40,60,1.57,2.36,933,1244,,,3:4,,2048,jpeg,30,34,70,80,white,#FFFFFF,6,yes,self,photo_paper_recommended,high,2026-10-03,https://www.iga.gov.bh/Media/Others/ID%20card%20photo/ID%20Card%20Photo%20Requierments%20English.pdf,"Information & eGovernment Authority (iGA), Bahrain"
bh-passport,BH,Bahrain,Bahraini passport (NPRA – issuance & renewal),https://ovalight.com/en/bahrain/passport-photo/,40,60,1.57,2.36,,,,,,,,jpeg,,,,,white,#FFFFFF,,yes,self,photo_paper_recommended,medium,2026-10-03,https://www.npra.gov.bh/en/services/passports/issuance-of-passport/,"Nationality, Passports & Residence Affairs (NPRA)"
bd-passport-child-under6,BD,Bangladesh,Bangladesh e-Passport - printed photo for applicants under 6 years (3R lab print),https://ovalight.com/en/bangladesh/child-passport-photo/,88.9,127,3.5,5,,,,,,,,,,,,,grey,,3,yes,self,photo_paper_recommended,medium,2026-10-03,https://www.epassport.gov.bd/api/v1/landing/instruction/instructions,"Department of Immigration & Passports, Bangladesh"
bd-id-card,BD,Bangladesh,Bangladesh National ID (NID) / voter registration (Election Commission),https://ovalight.com/en/bangladesh/nid-photo/,,,,,,,,,,,,,,,,,,,,no,office,photo_paper_recommended,high,2026-10-03,https://www.nidw.gov.bd/enroll_obtaining.php,Bangladesh Election Commission - NID Wing
bd-passport,BD,Bangladesh,Bangladesh e-Passport (Department of Immigration & Passports) - applicants aged 6 and over,https://ovalight.com/en/bangladesh/passport-photo/,,,,,,,,,,,,,,,,,white,#FFFFFF,,no,office,photo_paper_recommended,high,2026-10-03,https://www.epassport.gov.bd/api/v1/landing/instruction/instructions,"Department of Immigration & Passports, Bangladesh"
bd-visa,BD,Bangladesh,Bangladesh visa - online application form (visa.gov.bd),https://ovalight.com/en/bangladesh/visa-photo/,35,45,1.38,1.77,,,,,,,300,jpeg,,,,,,,,yes,self,photo_paper_recommended,medium,2026-10-03,https://visa.gov.bd/,"Department of Immigration & Passports / Ministry of Home Affairs, Bangladesh"
br-foto-3x4,BR,Brazil,Foto 3x4 (generic Brazilian document photo; CIN photo proportion),https://ovalight.com/en/brazil/foto-3x4/,30,40,1.18,1.57,,,,,,,,,,,,,,,,yes,self,photo_paper_recommended,medium,2026-10-03,https://www.planalto.gov.br/ccivil_03/_ato2019-2022/2022/decreto/D10977.htm,planalto.gov.br
br-passport,BR,Brazil,Passaporte comum (Polícia Federal),https://ovalight.com/en/brazil/passport-photo/,,,,,,,,,,,,,,,,,,,,no,office,not_applicable,high,2026-10-03,https://www.gov.br/pt-br/servicos/obter-passaporte-comum-para-brasileiro,gov.br
ca-citizenship,CA,Canada,Canadian Citizenship (grant / proof of citizenship certificate),https://ovalight.com/en/canada/citizenship-photo/,50,70,1.97,2.76,420,540,420,,,,4000,jpeg,31,36,44.3,51.4,white; light-coloured,#FFFFFF,6,no,professional,photo_paper_recommended,high,2026-10-03,https://www.canada.ca/en/immigration-refugees-citizenship/services/application/application-forms-guides/citizenship-application-photograph-specifications.html,canada.ca (IRCC)
ca-passport,CA,Canada,Canadian Passport,https://ovalight.com/en/canada/passport-photo/,50,70,1.97,2.76,1200,1800,1200,4500,2:3,200,5000,jpeg,31,36,45,50,white; light-coloured,#FFFFFF,6,no,professional,photo_paper_recommended,high,2026-10-03,https://www.canada.ca/en/immigration-refugees-citizenship/services/canadian-passports/photos.html,canada.ca (IRCC Passport Program)
ca-pr,CA,Canada,Canada Permanent Residence application / Permanent Resident (PR) Card,https://ovalight.com/en/canada/pr-card-photo/,50,70,1.97,2.76,715,1000,715,2800,,,4000,jpeg,31,36,44.3,51.4,white,#FFFFFF,12,no,professional,photo_paper_recommended,high,2026-10-03,https://www.canada.ca/en/immigration-refugees-citizenship/services/permanent-residents/card/photos.html,canada.ca (IRCC)
ca-visa,CA,Canada,Canada Temporary Resident Visa (visitor visa) / IRCC temporary residence applications,https://ovalight.com/en/canada/visa-photo/,35,45,1.38,1.77,420,540,420,,,60,4000,jpeg jpeg2000,31,36,68.9,80,white; light-coloured,#FFFFFF,6,yes,self,photo_paper_recommended,medium,2026-10-03,https://www.canada.ca/en/immigration-refugees-citizenship/services/application/application-forms-guides/temporary-resident-visa-application-photograph-specifications.html,canada.ca (IRCC)
cn-passport-abroad,CN,China,PRC Passport / Travel Document applied abroad via the 'China Consular' (中国领事) app,https://ovalight.com/en/china/passport-photo/,33,48,1.3,1.89,,,,,,,,,28,33,58,69,white,#FFFFFF,6,yes,self,photo_paper_recommended,high,2026-10-03,https://us.china-embassy.gov.cn/chn/lsfw/zj/hzlxz/201903/t20190309_5098803.htm,Embassy of the PRC in the USA
cn-visa,CN,China,Chinese Visa (paper photo for application form + digital photo for China Online Visa Application system / former COVA),https://ovalight.com/en/china/visa-photo/,33,48,1.3,1.89,,,,,3:4 (approx; 354x472 to 420x560),40,120,jpeg,28,33,58,69,white; close to white,#FFFFFF,6,yes,self,photo_paper_recommended,high,2026-10-03,https://us.china-embassy.gov.cn/eng/lsfw/zj/qz2021/201612/t20161206_4410998.htm,Embassy of the PRC in the USA / MFA Department of Consular Affairs
eg-evisa,EG,Egypt,"Egypt e-Visa (visa2egypt.gov.eg, Ministry of Interior)",https://ovalight.com/en/egypt/e-visa-photo/,,,,,,,,,,,,,,,,,,,,yes,self,photo_paper_recommended,low,2026-10-07,https://visa2egypt.gov.eg/eVisa/HowDoIApply,"Ministry of Interior, Arab Republic of Egypt"
eg-national-id,EG,Egypt,Egyptian National ID card (بطاقة الرقم القومي),https://ovalight.com/en/egypt/national-id-photo/,,,,,,,,,,,,,,,,,,,,no,office,photo_paper_recommended,medium,2026-10-03,https://www.elwatannews.com/news/details/6295527,El Watan News
eg-passport,EG,Egypt,Egyptian passport (issue / renewal),https://ovalight.com/en/egypt/passport-photo/,40,60,1.57,2.36,,,,,,,,,,,,,white,#FFFFFF,,yes,self,photo_paper_recommended,medium,2026-10-03,https://www.mfa.gov.eg/ar/ConsularServicesAndTransactions/Details/73,Ministry of Foreign Affairs of Egypt
eg-visa-embassy-us,EG,Egypt,"Egyptian visa applied at the Embassy of Egypt in Washington, DC (paper application)",https://ovalight.com/en/egypt/visa-photo/,50.8,50.8,2,2,,,,,,,,,,,,,white,#FFFFFF,6,yes,self,photo_paper_recommended,medium,2026-10-03,https://egyptembassy.net/consular-services/visas-travel/visa-requirements/,"Embassy of the Arab Republic of Egypt, Washington DC"
et-evisa,ET,Ethiopia,"Ethiopia e-Visa (evisa.gov.et, Immigration and Citizenship Service)",https://ovalight.com/en/ethiopia/e-visa-photo/,50.8,50.8,2,2,,,,,1:1,,1953,jpeg png,,,,,white,#FFFFFF,6,yes,self,photo_paper_recommended,medium,2026-10-07,https://www.evisa.gov.et/,"Immigration and Citizenship Service, Ethiopia"
et-passport,ET,Ethiopia,Ethiopian passport (ICS),https://ovalight.com/en/ethiopia/passport-photo/,,,,,,,,,,,,,,,,,,,,no,office,photo_paper_recommended,medium,2026-10-07,https://web.archive.org/web/20250513061302/https://www.ethiopianpassportservices.gov.et/static/js/main.fad7ac03.chunk.js,"Immigration and Citizenship Service (formerly INVEA), Ethiopia"
fr-id-card,FR,France,Carte nationale d'identité (CNI),https://ovalight.com/en/france/id-card-photo/,35,45,1.38,1.77,,,,,,,,,32,36,70,80,light blue; light grey; other plain light colour,,6,no,professional,photo_paper_recommended,high,2026-10-03,https://www.service-public.gouv.fr/particuliers/vosdroits/F10619,service-public.gouv.fr (DILA / Ministère de l'Intérieur)
fr-passport,FR,France,Passeport (France),https://ovalight.com/en/france/passport-photo/,35,45,1.38,1.77,,,,,,,,,32,36,70,80,light blue; light grey; other plain light colour,,6,no,professional,photo_paper_recommended,high,2026-10-03,https://www.service-public.gouv.fr/particuliers/vosdroits/F10619,service-public.gouv.fr (DILA / Ministère de l'Intérieur)
fr-visa,FR,France,"Visa for France (France-Visas, short and long stay)",https://ovalight.com/en/france/visa-photo/,35,45,1.38,1.77,,,,,,,,,32,36,70,80,light uniform,,,yes,self,photo_paper_recommended,medium,2026-10-03,https://france-visas.gouv.fr/en/faq,france-visas.gouv.fr
ge-evisa,GE,Georgia,Georgia e-Visa (evisa.gov.ge),https://ovalight.com/en/georgia/e-visa-photo/,,,,,,,,,,,5120,jpeg png bmp,,,50,70,,,6,no,professional,not_applicable,high,2026-10-03,https://www.evisa.gov.ge/GeoVisa/en/Home/FAQ,evisa.gov.ge
ge-id-card,GE,Georgia,Georgian electronic ID card (პირადობის ელექტრონული მოწმობა),https://ovalight.com/en/georgia/id-card-photo/,,,,,,,,,,,,,,,,,,,,no,office,not_applicable,medium,2026-10-03,https://sda.gov.ge/products/%e1%83%9e%e1%83%98%e1%83%a0%e1%83%90%e1%83%93%e1%83%9d%e1%83%91%e1%83%98%e1%83%a1-%e1%83%9b%e1%83%9d%e1%83%ac%e1%83%9b%e1%83%9d%e1%83%91%e1%83%90/,sda.gov.ge
ge-passport,GE,Georgia,Georgian biometric passport,https://ovalight.com/en/georgia/passport-photo/,,,,,,,,,,,,,,,,,,,,no,office,not_applicable,medium,2026-10-03,https://sda.gov.ge/products/%e1%83%9e%e1%83%90%e1%83%a1%e1%83%9e%e1%83%9d%e1%83%a0%e1%83%a2%e1%83%98/,sda.gov.ge
de-id-card,DE,Germany,Deutscher Personalausweis,https://ovalight.com/en/germany/id-card-photo/,35,45,1.38,1.77,,,,,,,,,32,36,70,80,"single-colour (einfarbig), preferably light grey (vorzugsweise hellgrau)",,,no,office,photo_paper_recommended,high,2026-10-03,https://www.personalausweisportal.de/SharedDocs/kurzmeldungen/Webs/PA/DE/2025/neue-passbilder.html,personalausweisportal.de (Bundesministerium des Innern)
de-bewerbungsfoto,DE,Germany,Bewerbungsfoto (job-application photo) — no official specification,https://ovalight.com/en/germany/bewerbungsfoto/,45,60,1.77,2.36,,,,,,,,,,,,,"calm, neutral colour (recommended)",,,yes,self,photo_paper_recommended,medium,2026-10-07,https://www.leuphana.de/services/career-service/bewerben/die-schriftliche-bewerbung/deckblatt-und-foto.html,Leuphana Universität Lüneburg (public university)
de-passport,DE,Germany,Deutscher Reisepass (incl. Kinderreisepass/vorläufiger Reisepass),https://ovalight.com/en/germany/passport-photo/,35,45,1.38,1.77,,,,,,,,,32,36,70,80,"single-colour (einfarbig), preferably light grey (vorzugsweise hellgrau)",,,no,office,photo_paper_recommended,high,2026-10-03,https://www.personalausweisportal.de/SharedDocs/kurzmeldungen/Webs/PA/DE/2025/neue-passbilder.html,personalausweisportal.de (Bundesministerium des Innern)
de-residence-permit,DE,Germany,Elektronischer Aufenthaltstitel (eAT) and Ausländer-Reiseausweise (Reiseausweis für Ausländer/Flüchtlinge/Staatenlose),https://ovalight.com/en/germany/residence-permit-photo/,35,45,1.38,1.77,,,,,,,,,32,36,70,80,"single-colour (einfarbig), preferably light grey (vorzugsweise hellgrau)",,,no,office,photo_paper_recommended,high,2026-10-03,https://www.personalausweisportal.de/SharedDocs/kurzmeldungen/Webs/PA/DE/2025/neue-passbilder.html,personalausweisportal.de (Bundesministerium des Innern)
gh-card,GH,Ghana,Ghana Card (National Identification Authority),https://ovalight.com/en/ghana/ghana-card-photo/,,,,,,,,,,,,,,,,,,,,no,office,photo_paper_recommended,medium,2026-10-03,https://nia.gov.gh/faqs/,"National Identification Authority, Ghana"
gh-evisa,GH,Ghana,"Ghana eVisa (Ghana Immigration Service, evisa.immigration.gov.gh)",https://ovalight.com/en/ghana/e-visa-photo/,35,45,1.38,1.77,,,,,,,,,,,,,white; light,#FFFFFF,6,yes,self,photo_paper_recommended,high,2026-10-03,https://evisa.immigration.gov.gh/applicant-guide.html#photo,Ghana Immigration Service
gh-passport,GH,Ghana,Ghanaian biometric (chip) passport – online application (passport.mfa.gov.gh),https://ovalight.com/en/ghana/passport-photo/,,,,,140,170,,,14:17,,250,jpeg,,,,,white,#FFFFFF,6,yes,self,photo_paper_recommended,high,2026-10-07,https://passport.mfa.gov.gh/faqs,"Ministry of Foreign Affairs, Ghana - Passport Office"
in-evisa,IN,India,India e-Visa (e-Tourist / e-Business / e-Medical etc.),https://ovalight.com/en/india/e-visa-photo/,,,,,,,350,1000,1:1,10,1024,jpeg,,,,,white; plain light colour,#FFFFFF,,yes,self,photo_paper_recommended,medium,2026-10-03,https://indianvisaonline.gov.in/evisa/tvoa.html,"Bureau of Immigration, Ministry of Home Affairs, Government of India"
in-oci,IN,India,OCI (Overseas Citizenship of India) Card - registration / re-issue,https://ovalight.com/en/india/oci-photo/,50.8,50.8,2,2,,,200,900,1:1,,200,jpeg,25,35,49,69,plain light colour (not white) per ociservices FAQ; white per Embassy of India USA FAQ / VFS,#F2F2F2,6,yes,self,photo_paper_recommended,high,2026-10-03,https://ociservices.gov.in/onlineOCI/faq,"Ministry of Home Affairs, Government of India"
in-passport-abroad,IN,India,"Indian Passport / renewal applied abroad (Global Passport Seva 2.0 via Indian missions, VFS Global, BLS)",https://ovalight.com/en/india/passport-abroad-photo/,,,,,630,810,,,7:9,,250,jpeg,,,,,white,#FFFFFF,,yes,self,photo_paper_recommended,high,2026-10-03,https://mportal.passportindia.gov.in/pdf/Guidelines_for_ICAO_Compliant_Photographs_for_Passport_Applications.pdf,"Ministry of External Affairs, Passport Seva"
in-passport,IN,India,Indian Passport (applied in India via Passport Seva Kendra / POPSK),https://ovalight.com/en/india/passport-photo/,35,45,1.38,1.77,,,,,,,,,,,,,white,#FFFFFF,,no,office,photo_paper_recommended,high,2026-10-03,https://www.passportindia.gov.in/AppOnlineProject/pdf/ApplicationformInstructionBooklet-V3.0.pdf,"Ministry of External Affairs, Passport Seva"
in-visa-regular,IN,India,India Regular (paper) Visa - online form + submission at Indian mission / VFS / BLS,https://ovalight.com/en/india/visa-photo/,50.8,50.8,2,2,,,350,1000,1:1,10,300,jpeg,25,35,49,69,white; plain light colour,#FFFFFF,,yes,self,photo_paper_recommended,medium,2026-10-03,https://indianvisaonline.gov.in/visa/instruction.html,Government of India (indianvisaonline.gov.in)
id-casn,ID,Indonesia,CASN (CPNS/PPPK) civil-service application via SSCASN (BKN) - pas foto,https://ovalight.com/en/indonesia/casn-photo/,,,,,,,,,,100,,jpeg,,,,,red,,,yes,self,photo_paper_recommended,medium,2026-10-07,https://sscasn.bkn.go.id/faq,Badan Kepegawaian Negara (BKN)
id-id-card,ID,Indonesia,KTP-el (Indonesian electronic identity card) - Disdukcapil,https://ovalight.com/en/indonesia/id-card-photo/,,,,,,,,,,,,,,,,,,,,no,office,photo_paper_recommended,low,2026-10-03,https://dukcapil.kemendagri.go.id/,Direktorat Jenderal Kependudukan dan Pencatatan Sipil
id-passport,ID,Indonesia,Indonesian passport (Paspor RI / e-Paspor) - Kantor Imigrasi,https://ovalight.com/en/indonesia/passport-photo/,,,,,,,,,,,,,,,,,,,,no,office,photo_paper_recommended,high,2026-10-03,https://www.imigrasi.go.id/wni/paspor-baru,Direktorat Jenderal Imigrasi
id-skck,ID,Indonesia,"SKCK (Surat Keterangan Catatan Kepolisian - police clearance certificate), Polri",https://ovalight.com/en/indonesia/skck-photo/,40,60,1.57,2.36,,,,,,,,,,,,,red; yellow,,,yes,self,photo_paper_recommended,high,2026-10-03,https://skck.polri.go.id/,Kepolisian Negara Republik Indonesia (Polri)
id-visa,ID,Indonesia,Indonesia e-Visa (evisa.imigrasi.go.id),https://ovalight.com/en/indonesia/visa-photo/,,,,,,,,,,,200,jpeg png,,,,,white,#FFFFFF,,yes,self,photo_paper_recommended,low,2026-10-07,https://evisa.imigrasi.go.id/front/faqs/university,"Direktorat Jenderal Imigrasi, Kementerian Imigrasi dan Pemasyarakatan"
ie-passport,IE,Ireland,Irish Passport (Passport Book / Passport Card),https://ovalight.com/en/ireland/passport-photo/,35,45,1.38,1.77,715,951,715,,,,9000,jpeg,,,,,light grey; white; cream,,6,yes,self,photo_paper_recommended,high,2026-10-03,https://www.ireland.ie/en/dfa/passports/photo-guidelines/,ireland.ie (Department of Foreign Affairs)
ie-irp,IE,Ireland,Irish Residence Permit (IRP) card,https://ovalight.com/en/ireland/irp-photo/,,,,,,,,,,,,,,,,,,,,no,office,not_applicable,high,2026-10-03,https://www.irishimmigration.ie/registering-your-immigration-permission/how-to-register-your-immigration-permission-for-the-first-time/information-on-registering-your-immigration-permission-for-the-first-time/,"irishimmigration.ie (Immigration Service Delivery, Dept of Justice)"
il-evisa-b2,IL,Israel,"Israel eVisa-B2 tourist visa (online, for visa-required nationals)",https://ovalight.com/en/israel/b2-e-visa-photo/,50,50,1.97,1.97,,,,,1:1,150,2048,jpeg png,,,,,white,#FFFFFF,,yes,self,photo_paper_recommended,high,2026-10-03,https://israel-entry.piba.gov.il/,Population and Immigration Authority (PIBA)
il-id-card,IL,Israel,Israeli biometric identity card (teudat zehut),https://ovalight.com/en/israel/id-card-photo/,,,,,,,,,,,,,,,,,,,,no,office,photo_paper_recommended,low,2026-10-03,https://en.wikipedia.org/wiki/Israeli_identity_card,Wikipedia
il-passport,IL,Israel,Israeli biometric passport (darkon),https://ovalight.com/en/israel/passport-photo/,,,,,,,,,,,,,,,,,,,,no,office,photo_paper_recommended,medium,2026-10-03,https://en.wikipedia.org/wiki/Israeli_passport,Wikipedia
it-id-card,IT,Italy,Carta d'Identità Elettronica (CIE),https://ovalight.com/en/italy/id-card-photo/,35,45,1.38,1.77,,,,,,,,,,,70,80,light blue (celeste); beige; light brown; light grey; white,,6,yes,self,photo_paper_recommended,high,2026-10-03,https://www.cartaidentita.interno.gov.it/richiedi/modalita-di-acquisizione-delle-foto/,cartaidentita.interno.gov.it (Ministero dell'Interno)
it-passport,IT,Italy,Passaporto elettronico (Italia),https://ovalight.com/en/italy/passport-photo/,35,45,1.38,1.77,,,,,,,,,,,70,80,white,#FFFFFF,6,yes,self,photo_paper_recommended,high,2026-10-03,https://www.poliziadistato.it/articolo/10301,poliziadistato.it
jp-evisa,JP,Japan,JAPAN eVISA (online short-term tourism visa),https://ovalight.com/en/japan/e-visa-photo/,,,,,,,,,,,2000,jpeg png gif bmp heic,,,,,white; plain,#FFFFFF,6,yes,self,photo_paper_recommended,medium,2026-10-07,https://www.evisa.mofa.go.jp/faq,Ministry of Foreign Affairs of Japan
jp-mynumber-card,JP,Japan,My Number Card (マイナンバーカード / Individual Number Card),https://ovalight.com/en/japan/my-number-card-photo/,35,45,1.38,1.77,,,480,6000,,20,7000,jpeg,32,36,,,plain,,6,yes,self,photo_paper_recommended,high,2026-10-03,https://www.kojinbango-card.go.jp/apprec/apply/facephoto/,"J-LIS (Japan Agency for Local Authority Information Systems), マイナンバーカード総合サイト"
jp-passport,JP,Japan,Japanese Passport (旅券),https://ovalight.com/en/japan/passport-photo/,35,45,1.38,1.77,,,,,35:45 (7:9),,600,jpeg bmp png,32,36,,,white; light blue; light grey,#FFFFFF,6,yes,self,photo_paper_recommended,high,2026-10-03,https://www.mofa.go.jp/mofaj/toko/passport/ic_photo.html,Ministry of Foreign Affairs of Japan
jp-residence-card,JP,Japan,"Japan Residence Card (在留カード) - photos for immigration applications (status change, extension, COE, permanent residence, card renewal)",https://ovalight.com/en/japan/residence-card-photo/,30,40,1.18,1.57,,,,,3:4 (width:height),,,jpeg,22,28,,,plain,,6,yes,self,photo_paper_recommended,high,2026-10-03,https://www.moj.go.jp/isa/applications/status/photo_info_00002.html,Immigration Services Agency of Japan (出入国在留管理庁)
jp-visa,JP,Japan,Japan Visa (paper application at Embassy / Consulate General / accredited agency),https://ovalight.com/en/japan/visa-photo/,45,45,1.77,1.77,,,,,,,,,,,,,,,,yes,self,photo_paper_recommended,medium,2026-10-03,https://www.mofa.go.jp/j_info/visit/visa/pdfs/application1.pdf,Ministry of Foreign Affairs of Japan
jo-evisa,JO,Jordan,Jordan e-Visa (Ministry of Interior e-services),https://ovalight.com/en/jordan/e-visa-photo/,,,,,,,,,,,,,,,,,,,,yes,self,photo_paper_recommended,low,2026-10-07,https://eservices.moi.gov.jo/MOI_EVISA/,"Ministry of Interior, Jordan"
jo-id-card,JO,Jordan,Jordanian smart ID card (CSPD),https://ovalight.com/en/jordan/id-card-photo/,,,,,,,,,,,,,,,,,,,,no,office,photo_paper_recommended,medium,2026-10-07,https://web.archive.org/web/20260219085653/https://www.cspd.gov.jo/AR/ListDetails/_%D8%AF%D9%84%D9%8A%D9%84__%D8%A7%D9%84%D8%AE%D8%AF%D9%85%D8%A7%D8%AA/41/34,"Civil Status and Passports Department (CSPD), Jordan"
jo-passport,JO,Jordan,Jordanian ordinary passport (CSPD),https://ovalight.com/en/jordan/passport-photo/,,,,,,,,,,,,,,,,,white,#FFFFFF,,yes,self,photo_paper_recommended,low,2026-10-07,https://web.archive.org/web/20260615181209/https://www.cspd.gov.jo/AR/ListDetails/_%D8%AF%D9%84%D9%8A%D9%84__%D8%A7%D9%84%D8%AE%D8%AF%D9%85%D8%A7%D8%AA/41/29,"Civil Status and Passports Department (CSPD), Jordan"
kz-visa,KZ,Kazakhstan,Kazakhstan visa (consular),https://ovalight.com/en/kazakhstan/visa-photo/,35,45,1.38,1.77,,,,,,,,,,,,,,,,yes,self,photo_paper_recommended,medium,2026-10-03,https://www.vmp.gov.kz/,vmp.gov.kz
ke-eta,KE,Kenya,Kenya Electronic Travel Authorisation (eTA),https://ovalight.com/en/kenya/eta-photo/,,,,,,,,,35:45,,,png jpeg,,,,,white; plain,#FFFFFF,,yes,self,photo_paper_recommended,medium,2026-10-03,https://www.etakenya.go.ke/how-to-apply,"Directorate of Immigration Services, Kenya"
ke-passport,KE,Kenya,Kenyan ePassport (Directorate of Immigration Services),https://ovalight.com/en/kenya/passport-photo/,,,,,,,,,,,,,,,,,,,,no,office,photo_paper_recommended,high,2026-10-03,https://immigration.go.ke/passport-section/,"Directorate of Immigration Services, Kenya"
kw-civil-id,KW,Kuwait,Kuwait Civil ID card (PACI),https://ovalight.com/en/kuwait/civil-id-photo/,40,60,1.57,2.36,500,750,200,750,2:3,,2048,jpeg png,,,,,blue,,,no,professional,photo_paper_recommended,high,2026-10-07,https://services.paci.gov.kw/cr/non-kuwaiti/article22?lang=en,"Public Authority for Civil Information (PACI), Kuwait"
kw-evisa,KW,Kuwait,"Kuwait e-visa (Kuwait Visa platform – tourist, family visit, business visit)",https://ovalight.com/en/kuwait/e-visa-photo/,30,40,1.18,1.57,,,720,,3:4,,2048,jpeg,,,70,80,white; light grey,#FFFFFF,12,yes,self,photo_paper_recommended,medium,2026-10-03,https://kuwaitvisa.moi.gov.kw/assets/i18n/en.json,"Ministry of Interior, Kuwait – Kuwait Visa platform"
lb-passport,LB,Lebanon,Lebanese biometric passport (General Security),https://ovalight.com/en/lebanon/passport-photo/,35,45,1.38,1.77,,,,,,,,,,,70,80,white,#FFFFFF,6,yes,self,photo_paper_recommended,high,2026-10-03,https://www.general-security.gov.lb/ar/posts/80,"General Directorate of General Security, Lebanon"
lb-visa,LB,Lebanon,"Lebanese entry visa applied through a Lebanese embassy (tourist, business, family, medical, transit)",https://ovalight.com/en/lebanon/visa-photo/,35,45,1.38,1.77,,,,,,,,,,,,,,,,yes,self,photo_paper_recommended,medium,2026-10-03,https://www.general-security.gov.lb/en/posts/61,"General Directorate of General Security, Lebanon"
my-id-card,MY,Malaysia,MyKad (Jabatan Pendaftaran Negara),https://ovalight.com/en/malaysia/mykad-photo/,,,,,,,,,,,,,,,,,,,,no,office,photo_paper_recommended,low,2026-10-03,https://www.jpn.gov.my/perkhidmatan/kad-pengenalan/,Jabatan Pendaftaran Negara
my-passport,MY,Malaysia,Malaysian International Passport (PMA) - MyOnline Pasport renewal (Jabatan Imigresen Malaysia),https://ovalight.com/en/malaysia/passport-photo/,35,50,1.38,1.97,,,,,35:50 (7:10),,,,25,30,50,60,white,#FFFFFF,1,yes,self,photo_paper_recommended,high,2026-10-07,https://imigresen-online.imi.gov.my/eservices/myPasport?passportPMA,Jabatan Imigresen Malaysia
my-visa,MY,Malaysia,Malaysia eVISA (VTR / single & multiple entry eVISA) - malaysiavisa.imi.gov.my,https://ovalight.com/en/malaysia/visa-photo/,35,50,1.38,1.97,,,,,7:10,,2048,,30,35,,,white; blue,#FFFFFF,,yes,self,photo_paper_recommended,high,2026-10-03,https://malaysiavisa.imi.gov.my/evisa/assets/images/samples/sample-passport-photo-req.png,Jabatan Imigresen Malaysia
my-visa-vdr,MY,Malaysia,Malaysia Visa With Reference (VDR) - eVISA portal photo,https://ovalight.com/en/malaysia/vdr-visa-photo/,35,50,1.38,1.97,,,,,7:10,,25,,30,35,,,white; blue,,,yes,self,photo_paper_recommended,medium,2026-10-03,https://malaysiavisa.imi.gov.my/evisa/evisa.jsp,Jabatan Imigresen Malaysia
mx-passport,MX,Mexico,Pasaporte mexicano (SRE),https://ovalight.com/en/mexico/passport-photo/,,,,,,,,,,,,,,,,,,,,no,office,not_applicable,medium,2026-10-03,https://www.gob.mx/tramites/ficha/pasaporte­ordinario­para­personas­mayores­de­edad/SRE112,gob.mx (Secretaría de Relaciones Exteriores)
ma-evisa,MA,Morocco,Morocco e-Visa (acces-maroc.ma),https://ovalight.com/en/morocco/e-visa-photo/,35,45,1.38,1.77,,,,,,,1024,jpeg pdf,,,,,white; plain light (ICAO),#FFFFFF,6,yes,self,photo_paper_recommended,high,2026-10-03,https://www.acces-maroc.ma/assets/docs/Conditions%20utilisation%20eVisa%20-%20Fr.pdf,Royaume du Maroc – portail Accès Maroc
ma-cnie,MA,Morocco,"Moroccan electronic national ID card (CNIE, DGSN)",https://ovalight.com/en/morocco/cnie-photo/,35,45,1.38,1.77,,,,,,,,,,,,,white,#FFFFFF,,unknown,unknown,photo_paper_recommended,low,2026-10-03,https://www.demarchesmaroc.com/demande-de-cnie-marocaine/,demarchesmaroc.com
ma-passport,MA,Morocco,Moroccan biometric passport (application in Morocco),https://ovalight.com/en/morocco/passport-photo/,35,45,1.38,1.77,,,,,,,,,,,,,light blue (sky blue); light grey; white,,,yes,self,photo_paper_recommended,high,2026-10-03,https://www.passeport.ma/Home/PiecesAuMaroc,Ministère de l'Intérieur – passeport.ma
nl-id-card,NL,Netherlands,Nederlandse identiteitskaart,https://ovalight.com/en/netherlands/id-card-photo/,35,45,1.38,1.77,,,,,,,,,26,30,57.8,66.7,light grey; light blue; white,,6,yes,self,photo_paper_recommended,high,2026-10-03,https://www.rijksoverheid.nl/themas/migratie-en-reizen/paspoort-en-identiteitskaart/eisen-pasfoto-paspoort-id-kaart,rijksoverheid.nl
nl-passport,NL,Netherlands,Nederlands paspoort,https://ovalight.com/en/netherlands/passport-photo/,35,45,1.38,1.77,,,,,,,,,26,30,57.8,66.7,light grey; light blue; white,,6,yes,self,photo_paper_recommended,high,2026-10-03,https://www.rijksoverheid.nl/themas/migratie-en-reizen/paspoort-en-identiteitskaart/eisen-pasfoto-paspoort-id-kaart,rijksoverheid.nl
nz-passport,NZ,New Zealand,New Zealand Passport,https://ovalight.com/en/new-zealand/passport-photo/,35,45,1.38,1.77,900,1200,900,6000,3:4,250,5000,jpeg,,,80,80,light-coloured; plain,,6,yes,self,photo_paper_recommended,high,2026-10-03,https://www.passports.govt.nz/passport-photos/,passports.govt.nz (Department of Internal Affairs)
ng-evisa,NG,Nigeria,"Nigeria e-Visa (NIS, evisa.immigration.gov.ng)",https://ovalight.com/en/nigeria/e-visa-photo/,,,,,600,600,,,1:1,,1024,jpeg,,,,,white,#FFFFFF,,yes,self,photo_paper_recommended,medium,2026-10-03,https://evisa.immigration.gov.ng/,Nigeria Immigration Service
ng-nin,NG,Nigeria,National Identification Number (NIN) enrolment / National e-ID card (NIMC),https://ovalight.com/en/nigeria/nin-photo/,,,,,,,,,,,,,,,,,,,,no,office,photo_paper_recommended,low,2026-10-03,https://en.wikipedia.org/wiki/National_Identity_Management_Commission,Wikipedia
ng-passport,NG,Nigeria,Nigerian enhanced e-passport (NIS online application),https://ovalight.com/en/nigeria/passport-photo/,,,,,600,800,,,3:4,,2048,jpeg,,,50,69,white; off-white,#FFFFFF,6,yes,self,photo_paper_recommended,high,2026-10-03,https://passport.immigration.gov.ng/,Nigeria Immigration Service
om-evisa,OM,Oman,"Oman eVisa (Royal Oman Police – tourist, sponsored, express visas)",https://ovalight.com/en/oman/e-visa-photo/,,,,,,,,,,,512,jpeg,,,,,,,,yes,self,photo_paper_recommended,low,2026-10-07,https://evisa.rop.gov.om/en/types-of-visa,Royal Oman Police
om-resident-card,OM,Oman,"Oman resident card (expatriates, first-time issuance)",https://ovalight.com/en/oman/resident-card-photo/,,,,,,,,,,,,,,,,,,,,no,office,photo_paper_recommended,medium,2026-10-03,https://www.rop.gov.om/english/resident_id.aspx,Royal Oman Police
pk-id-card,PK,Pakistan,"NADRA CNIC / NICOP / POC via Pak Identity (online, web or Pak-ID mobile app)",https://ovalight.com/en/pakistan/cnic-photo/,,,,,350,467,,,,,,,,,,,white,#FFFFFF,6,yes,self,photo_paper_recommended,medium,2026-10-03,https://id.nadra.gov.pk/docs/PhotoGuidelines.pdf,National Database & Registration Authority (NADRA)
pk-passport,PK,Pakistan,Pakistani passport (DGI&P) - Online Passport application/renewal (e-Services portal),https://ovalight.com/en/pakistan/passport-photo/,35,45,1.38,1.77,350,467,,,350:467 (~3:4),,3072,jpeg,29,34,,,white,#FFFFFF,6,yes,self,photo_paper_recommended,medium,2026-10-03,https://dgip.gov.pk/eServices/online-passport.php,Directorate General of Immigration & Passports
pk-visa,PK,Pakistan,"Pakistan Online Visa (e-Visa) - Ministry of Interior portal (visa.interior.gov.pk, formerly visa.nadra.gov.pk)",https://ovalight.com/en/pakistan/visa-photo/,35,45,1.38,1.77,350,467,,,,,350,,,,70,80,white,#FFFFFF,6,yes,self,photo_paper_recommended,medium,2026-10-03,https://visa.nadra.gov.pk/photograph-guide/,Ministry of Interior / NADRA
ph-etravel,PH,Philippines,eTravel (Philippine Travel Information System) arrival/departure registration,https://ovalight.com/en/philippines/etravel-photo/,,,,,,,,,,,5000,jpeg png,,,,,,,,yes,self,photo_paper_recommended,medium,2026-10-07,https://etravel.gov.ph/,Government of the Philippines (DICT/BI/BOQ/BOC)
ph-passport,PH,Philippines,Philippine passport (DFA),https://ovalight.com/en/philippines/passport-photo/,,,,,,,,,,,,,,,,,,,,no,office,photo_paper_recommended,high,2026-10-03,https://consular.dfa.gov.ph/services/passport/passport-faqs,Department of Foreign Affairs - Office of Consular Affairs
ph-visa,PH,Philippines,Philippine eVisa (eVisaPH) - 'ICAO photo' upload,https://ovalight.com/en/philippines/visa-photo/,50.8,50.8,2,2,,,,,1:1,,,jpeg png,,,70,80,plain light,,6,yes,self,photo_paper_recommended,high,2026-10-03,https://evisa.gov.ph/frequently-ask-questions,Department of Foreign Affairs (eVisaPH)
pl-id-card,PL,Poland,Dowód osobisty (e-dowód),https://ovalight.com/en/poland/id-card-photo/,35,45,1.38,1.77,492,633,492,,35:45,,2500,,,,70,80,white,#FFFFFF,6,yes,self,photo_paper_recommended,high,2026-10-03,https://www.gov.pl/web/gov/zdjecie-do-dowodu-lub-paszportu,gov.pl (MSWiA)
pl-passport,PL,Poland,Paszport (Polska),https://ovalight.com/en/poland/passport-photo/,35,45,1.38,1.77,768,1004,768,,35:45,,2500,,,,70,80,white,#FFFFFF,6,yes,self,photo_paper_recommended,high,2026-10-03,https://www.gov.pl/web/gov/zdjecie-do-dowodu-lub-paszportu,gov.pl (MSWiA)
pt-id-card,PT,Portugal,Cartão de Cidadão (CC),https://ovalight.com/en/portugal/id-card-photo/,,,,,,,,,,,,,,,,,,,,no,office,not_applicable,medium,2026-10-03,https://justica.gov.pt/Registos/Identificacao/Cartao-de-Cidadao,justica.gov.pt (IRN)
pt-passport,PT,Portugal,Passaporte Eletrónico Português (PEP),https://ovalight.com/en/portugal/passport-photo/,,,,,,,,,,,,,,,,,,,,no,office,not_applicable,medium,2026-10-03,https://justica.gov.pt/Registos/Identificacao/Passaporte-eletronico,justica.gov.pt (IRN)
pt-visa,PT,Portugal,Portugal visa (Schengen short-stay and national D visas),https://ovalight.com/en/portugal/visa-photo/,35,45,1.38,1.77,,,,,,,,,,,,,white,#FFFFFF,,yes,self,photo_paper_recommended,medium,2026-10-07,https://pequim.embaixadaportugal.mne.gov.pt/files/Documentos/Informa%C3%A7%C3%A3o_vistos/2._Visto_Schengen-Turismo_PT-CN-EN.pdf,Embaixada de Portugal em Pequim (mne.gov.pt)
qa-hayya-evisa,QA,Qatar,"Qatar Hayya e-visa / entry permit (tourist, GCC resident, A1/A2, events)",https://ovalight.com/en/qatar/hayya-e-visa-photo/,30,40,1.18,1.57,,,720,,3:4,,2048,jpeg,,,70,80,white; light grey,#FFFFFF,12,yes,self,photo_paper_recommended,high,2026-10-03,https://beta-cms.hayya.qa/wp-content/uploads/2025/06/Hayya-Guidelines-EN-2.pdf,Hayya Platform (State of Qatar)
qa-residence-permit,QA,Qatar,Qatar residence permit (RP) / Qatar ID card (QID) for expatriates,https://ovalight.com/en/qatar/residence-permit-photo/,38,48,1.5,1.89,,,,,38:48 (19:24),,,,,,,,light blue,,,yes,self,photo_paper_recommended,medium,2026-10-07,https://portal.moi.gov.qa/wps/portal/MOIInternet/services/otherservices/?1dmy&page=pg.moi.internet.departments.services.detail&uri=wcm%3Apath%3Awcmlib-internet-en%2Fsa-departmentcommittee%2Fgeneraladministrationofnationalitybordersandexpatriateaffairs%2Fservices%2Fresidence%2Bvisas%2Fyttyrttt,"Ministry of Interior, Qatar"
ru-evisa,RU,Russia,Russian unified e-visa (evisa.kdmid.ru),https://ovalight.com/en/russia/e-visa-photo/,,,,,,,,,35:45,,,jpeg,,,70,80,light,,6,yes,self,not_applicable,high,2026-10-03,https://evisa.kdmid.ru/,evisa.kdmid.ru (MFA Russia)
ru-internal-passport,RU,Russia,Паспорт гражданина РФ (internal passport),https://ovalight.com/en/russia/internal-passport-photo/,35,45,1.38,1.77,,,,,,,,,,36,,80,white,#FFFFFF,,yes,self,photo_paper_recommended,high,2026-10-03,https://www.garant.ru/products/ipo/prime/doc/400064732/,garant.ru (official text of MVD order)
ru-international-passport-old,RU,Russia,"Загранпаспорт старого образца (5-year, без электронного носителя)",https://ovalight.com/en/russia/international-passport-5-year-photo/,35,45,1.38,1.77,,,,,,,,,,36,,80,white,#FFFFFF,,yes,self,photo_paper_recommended,high,2026-10-03,https://www.consultant.ru/document/cons_doc_LAW_384459/ee0dfa9835accfbbf04b9eeeaa0ae14988702b1f/,consultant.ru (official text of MVD order)
ru-international-passport-biometric,RU,Russia,"Загранпаспорт нового образца (10-year biometric, с электронным носителем)",https://ovalight.com/en/russia/international-passport-photo/,,,,,,,,,,,,,,,,,,,,no,office,not_applicable,medium,2026-10-03,https://www.kdmid.ru/cons-dep/regulatory-documents/administrative-regulations/,kdmid.ru (MFA Russia)
ru-visa,RU,Russia,"Russian visa (consular, paper application)",https://ovalight.com/en/russia/visa-photo/,35,45,1.38,1.77,,,,,,,,,,,,,,,6,yes,self,photo_paper_recommended,high,2026-10-03,https://www.kdmid.ru/cons/visas/,kdmid.ru (MFA Russia)
sa-evisa-legacy,SA,Saudi Arabia,Saudi eVisa – legacy visa.visitsaudi.com photo spec (200×200 px),https://ovalight.com/en/saudi-arabia/e-visa-legacy-photo/,,,,,200,200,,,1:1,5,100,,,,70,80,white,#FFFFFF,6,yes,self,photo_paper_recommended,medium,2026-10-03,https://visa.visitsaudi.com/Home/PhotoSpecifications,Saudi eVisa (official)
sa-evisa,SA,Saudi Arabia,"Saudi tourist / visit e-visa (KSA Visa unified platform, ksavisa.sa)",https://ovalight.com/en/saudi-arabia/e-visa-photo/,35,45,1.38,1.77,,,,,3:4,,5120,jpeg png,,,70,80,white,#FFFFFF,6,yes,self,photo_paper_recommended,medium,2026-10-03,https://ksavisa.sa/assets/i18n/en.json,Ministry of Foreign Affairs – KSA Visa platform
sa-iqama,SA,Saudi Arabia,Saudi resident identity (Iqama),https://ovalight.com/en/saudi-arabia/iqama-photo/,,,,,,,,,,,,,,,,,white,#FFFFFF,,no,office,photo_paper_recommended,low,2026-10-03,https://www.saudi-expatriates.com/2022/02/conditions-for-changing-picture-in-iqama.html,Saudi Expatriates (third-party)
sa-visa-mofa,SA,Saudi Arabia,"Saudi work / family visit / business visas issued via MOFA (visa.mofa.gov.sa, Enjaz) with biometric enrolment",https://ovalight.com/en/saudi-arabia/mofa-visa-photo/,,,,,,,,,,,,,,,,,,,,no,office,photo_paper_recommended,medium,2026-10-03,https://www.mofa.gov.sa/Documents/Form/PrivacyPolicy.pdf,"Ministry of Foreign Affairs, KSA"
eu-schengen-visa,EU,Schengen Area,Schengen short-stay (C) visa - generic ICAO photo,https://ovalight.com/en/schengen/visa-photo/,35,45,1.38,1.77,,,,,,,,,32,36,70,80,"light grey; light/neutral uniform; white (accepted by some consulates, e.g. German missions)",,,yes,self,photo_paper_recommended,medium,2026-10-03,https://eur-lex.europa.eu/legal-content/EN/TXT/HTML/?uri=CELEX:02009R0810-20240628,EUR-Lex
sg-citizenship,SG,Singapore,Singapore Citizenship application,https://ovalight.com/en/singapore/citizenship-photo/,,,,,400,514,,,35:45 (7:9),,8000,jpeg png heic heif,,,,,white,#FFFFFF,3,yes,self,photo_paper_recommended,high,2026-10-03,https://www.ica.gov.sg/docs/default-source/ica/ipses/sc-document-checklist.pdf,ICA Singapore
sg-ltvp,SG,Singapore,Singapore Long-Term Visit Pass (LTVP / LTVP+),https://ovalight.com/en/singapore/ltvp-photo/,,,,,400,514,,,35:45 (7:9),,8000,jpeg png heic heif,,,,,white,#FFFFFF,3,yes,self,photo_paper_recommended,high,2026-10-03,https://www.ica.gov.sg/docs/default-source/ica/ipses/ltvp-document-checklist.pdf,ICA Singapore
sg-nric,SG,Singapore,"Singapore NRIC / Identity Card (registration at 15, re-registration at 30 and 55, replacement)",https://ovalight.com/en/singapore/nric-photo/,35,45,1.38,1.77,400,514,,,35:45 (7:9),,8000,jpeg png heic heif,25,35,,,white,#FFFFFF,3,yes,self,photo_paper_recommended,high,2026-10-03,https://www.ica.gov.sg/documents/ic/re-registration,ICA Singapore
sg-passport,SG,Singapore,Singapore Passport (ICA),https://ovalight.com/en/singapore/passport-photo/,35,45,1.38,1.77,400,514,,,35:45 (7:9),,8000,jpeg png heic heif,25,35,,,white,#FFFFFF,3,yes,self,photo_paper_recommended,high,2026-10-03,https://www.ica.gov.sg/photo-guidelines,"Immigration & Checkpoints Authority (ICA), Singapore"
sg-pr,SG,Singapore,Singapore Permanent Residence (PR) application,https://ovalight.com/en/singapore/pr-photo/,,,,,400,514,,,35:45 (7:9),,8000,jpeg png heic heif,,,,,white,#FFFFFF,3,yes,self,photo_paper_recommended,high,2026-10-03,https://www.ica.gov.sg/docs/default-source/ica/ipses/pr-document-checklist.pdf,ICA Singapore
sg-visa,SG,Singapore,"Singapore Entry Visa (Form 14A; via Local Contact e-Service SAVE, authorised visa agent or Singapore Overseas Mission)",https://ovalight.com/en/singapore/visa-photo/,35,45,1.38,1.77,400,514,,,35:45 (7:9),,8000,jpeg png heic heif,,,,,white,#FFFFFF,3,yes,self,photo_paper_recommended,high,2026-10-03,https://www.ica.gov.sg/enter-transit-depart/entering-singapore/visa_requirements/visa-detail-page/india,ICA Singapore
za-evisa,ZA,South Africa,"South Africa eVisa (DHA ePermit portal, ehome.dha.gov.za/epermit)",https://ovalight.com/en/south-africa/e-visa-photo/,,,,,,,,,,,,,,,,,,,,yes,self,photo_paper_recommended,low,2026-10-07,https://ehome.dha.gov.za/epermit/home,"Department of Home Affairs, South Africa"
za-passport,ZA,South Africa,South African passport (DHA),https://ovalight.com/en/south-africa/passport-photo/,,,,,,,,,,,,,,,,,,,,no,office,photo_paper_recommended,high,2026-10-03,https://www.dha.gov.za/index.php/civic-services/travel-documents,"Department of Home Affairs, South Africa"
za-smart-id,ZA,South Africa,South African Smart ID card (DHA),https://ovalight.com/en/south-africa/smart-id-photo/,,,,,,,,,,,,,,,,,,,,no,office,photo_paper_recommended,high,2026-10-03,https://www.dha.gov.za/index.php/civic-services/faqs-civics,"Department of Home Affairs, South Africa"
za-visa,ZA,South Africa,South African visitor visa (Form BI-84) via missions / VFS,https://ovalight.com/en/south-africa/visa-photo/,35,45,1.38,1.77,,,,,35:45 (7:9),,,,29,34,70,80,white; light grey; plain cream,#FFFFFF,6,yes,self,photo_paper_recommended,high,2026-10-07,https://www.dha.gov.za/index.php/immigration-services/types-of-visas,"Department of Home Affairs, South Africa"
kr-driving-licence,KR,South Korea,"Korean Driving Licence (운전면허증) - issue, renewal/aptitude test, reissue",https://ovalight.com/en/south-korea/driving-licence-photo/,35,45,1.38,1.77,413,531,,,35:45 (7:9),,500,jpeg,32,36,,,white,#FFFFFF,6,yes,self,photo_paper_recommended,high,2026-10-03,https://www.safedriving.or.kr/resources/img/photo_yes2024.png,Korea Road Traffic Authority (도로교통공단) - Safe Driving portal
kr-k-eta,KR,South Korea,K-ETA (Korea Electronic Travel Authorization) face photo,https://ovalight.com/en/south-korea/k-eta-photo/,,,,,,,,,,,20000,jpeg,,,75,,,,,yes,self,photo_paper_recommended,high,2026-10-07,https://www.k-eta.go.kr/portal/board/viewboardlist.do?tmpltNm=faq2&category=&keyWord=&pageIndex=4,"Ministry of Justice, Republic of Korea (K-ETA Center)"
kr-passport,KR,South Korea,Republic of Korea Passport (여권),https://ovalight.com/en/south-korea/passport-photo/,35,45,1.38,1.77,413,531,,,35:45 (7:9),,500,jpeg,32,36,,,white,#FFFFFF,6,yes,self,photo_paper_recommended,high,2026-10-03,https://www.passport.go.kr/home/kor/contents.do?menuPos=32,"Ministry of Foreign Affairs, Republic of Korea (외교부 여권안내)"
kr-arc,KR,South Korea,Korean Residence Card / Alien Registration Card (외국인등록증),https://ovalight.com/en/south-korea/arc-photo/,35,45,1.38,1.77,,,,,,,,,25,35,,,white,#FFFFFF,6,yes,self,photo_paper_recommended,high,2026-10-03,https://www.hikorea.go.kr/info/InfoDatail.pt?CAT_SEQ=182&PARENT_ID=139,"Ministry of Justice, Korea Immigration Service (HiKorea)"
kr-resident-registration-card,KR,South Korea,Korean Resident Registration Card (주민등록증),https://ovalight.com/en/south-korea/resident-registration-card-photo/,35,45,1.38,1.77,,,,,,,,,,,,,,,6,yes,self,photo_paper_recommended,medium,2026-10-03,https://www.law.go.kr/법령/주민등록법시행령,Korea Ministry of Government Legislation (국가법령정보센터)
kr-visa,KR,South Korea,"Korean Visa (embassy/consulate application, e-Visa, Visa Issuance Certificate)",https://ovalight.com/en/south-korea/visa-photo/,35,45,1.38,1.77,,,,,,,,,,,,,,,,yes,self,photo_paper_recommended,medium,2026-10-03,https://www.visa.go.kr/openPage.do?MENU_ID=10105,"Ministry of Justice, Republic of Korea"
es-dni,ES,Spain,Documento Nacional de Identidad (DNI),https://ovalight.com/en/spain/dni-photo/,26,32,1.02,1.26,,,,,,,,,,,,,white,#FFFFFF,24,yes,self,photo_paper_recommended,high,2026-10-03,https://www.dnielectronico.es/PortalDNIe/PRF1_Cons02.action?pag=REF_410,dnielectronico.es (Policía Nacional / Ministerio del Interior)
es-passport,ES,Spain,Pasaporte español,https://ovalight.com/en/spain/passport-photo/,26,32,1.02,1.26,,,,,,,,,,,,,white,#FFFFFF,,yes,self,photo_paper_recommended,high,2026-10-03,https://www.dnielectronico.es/PortalDNIe/PRF1_Cons02.action?pag=REF_1084,dnielectronico.es (Policía Nacional)
tw-national-id,TW,Taiwan,Taiwan National Identification Card (國民身分證),https://ovalight.com/en/taiwan/national-id-photo/,35,45,1.38,1.77,413,531,,,35:45 (7:9),,5000,jpeg,32,36,,,white,#FFFFFF,24,yes,self,photo_paper_recommended,high,2026-10-03,https://www.ris.gov.tw/documents/html/5/3/187.html,"Department of Household Registration, Ministry of the Interior, R.O.C. (Taiwan)"
tw-passport,TW,Taiwan,Republic of China (Taiwan) Passport (晶片護照),https://ovalight.com/en/taiwan/passport-photo/,35,45,1.38,1.77,413,531,,,35:45 (7:9),,5000,jpeg,32,36,,,white,#FFFFFF,6,yes,self,photo_paper_recommended,high,2026-10-03,https://www.boca.gov.tw/np-25-1.html,"Bureau of Consular Affairs, Ministry of Foreign Affairs, R.O.C. (Taiwan)"
tw-arc,TW,Taiwan,"Taiwan Alien Resident Certificate (ARC, 外僑居留證) / Employment Gold Card / Employment PASS card",https://ovalight.com/en/taiwan/arc-photo/,35,45,1.38,1.77,,,,,,,512,jpeg png bmp,32,36,,,white,#FFFFFF,24,yes,self,photo_paper_recommended,high,2026-10-03,https://www.immigration.gov.tw/5385/7244/7250/7317/居留/29996/,"National Immigration Agency, R.O.C. (Taiwan)"
tw-visa,TW,Taiwan,Taiwan (R.O.C.) Visitor Visa / eVisa,https://ovalight.com/en/taiwan/visa-photo/,35,45,1.38,1.77,,,,,,,,,,,,,white,#FFFFFF,6,yes,self,photo_paper_recommended,medium,2026-10-03,https://www.boca.gov.tw/cp-400-76-e701b-1.html,"Bureau of Consular Affairs, MOFA (Taiwan)"
th-passport,TH,Thailand,Thai passport (e-passport) - Department of Consular Affairs / Royal Thai Embassies,https://ovalight.com/en/thailand/passport-photo/,,,,,,,,,,,,,,,,,,,,no,office,photo_paper_recommended,low,2026-10-03,https://consular.mfa.go.th/,Ministry of Foreign Affairs of the Kingdom of Thailand
th-visa,TH,Thailand,Thai e-Visa (thaievisa.go.th),https://ovalight.com/en/thailand/visa-photo/,,,,,,,,,,,3000,jpeg,,,70,80,white,#FFFFFF,6,yes,self,photo_paper_recommended,medium,2026-10-07,https://www.thaievisa.go.th/,Ministry of Foreign Affairs of the Kingdom of Thailand
tr-id-card,TR,Türkiye,T.C. Kimlik Kartı (Turkish national ID card),https://ovalight.com/en/turkey/id-card-photo/,50,60,1.97,2.36,,,,,,,,,,,,,white,#FFFFFF,6,yes,self,lab_print_only,high,2026-10-03,https://www.nvi.gov.tr/istanbul/biyometrik-fotograf-nasil-olmalidir,nvi.gov.tr
tr-passport,TR,Türkiye,Umuma Mahsus Pasaport (Turkish ordinary passport),https://ovalight.com/en/turkey/passport-photo/,50,60,1.97,2.36,,,,,,,,,,,,,white,#FFFFFF,6,yes,self,lab_print_only,high,2026-10-03,https://www.nvi.gov.tr/sss-pasaport-hizmetleri,nvi.gov.tr
tr-residence-permit,TR,Türkiye,"İkamet İzni (Turkish residence permit, Göç İdaresi / e-İkamet)",https://ovalight.com/en/turkey/residence-permit-photo/,50,60,1.97,2.36,,,,,,,,,32,36,53,60,white,#FFFFFF,6,yes,self,lab_print_only,medium,2026-10-03,https://e-ikamet.goc.gov.tr/Ikamet/BasvuruIstenenBelgeler/BasvuruFormuIstenenBelgeler?tur=5,goc.gov.tr
ua-id-card,UA,Ukraine,Паспорт громадянина України у формі ID-картки,https://ovalight.com/en/ukraine/id-card-photo/,,,,,,,,,,,,,,,,,,,,no,office,not_applicable,high,2026-10-03,https://guide.diia.gov.ua/register/00023/oformlennia-i-vydacha-pasporta-hromadianyna-ukrainy-z-bezkontaktnym-elektronnym-nosiiem-vpershe-pislia-dosiahnennia-14-richnoho--adc0873e-3f8b-4f43-aa58-82b48c3e25df,guide.diia.gov.ua
ua-passport,UA,Ukraine,Паспорт громадянина України для виїзду за кордон (biometric international passport),https://ovalight.com/en/ukraine/passport-photo/,,,,,,,,,,,,,,,,,,,,no,office,not_applicable,high,2026-10-03,https://guide.diia.gov.ua/register/00027/oformlennia-i-vydacha-pasporta-hromadianyna-ukrainy-dlia-vyizdu-za-kordon-z-bezkontaktnym-elektronnym-nosiiem-2c06c141-616d-4e09-8661-a293b6b0ee25,guide.diia.gov.ua
ae-emirates-id,AE,United Arab Emirates,"Emirates ID card (residents, citizens, GCC nationals)",https://ovalight.com/en/uae/emirates-id-photo/,35,45,1.38,1.77,,,600,1200,1:1,,2048,jpeg,,,70,80,white,#FFFFFF,6,yes,self,photo_paper_recommended,medium,2026-10-03,https://icp.gov.ae/wp-content/themes/ica_v3/assets/images/servicesGuideEN2024.pdf,"Federal Authority for Identity, Citizenship, Customs & Port Security (ICP)"
ae-passport,AE,United Arab Emirates,"UAE passport (Emirati citizens – issue, renewal, renewal from abroad)",https://ovalight.com/en/uae/passport-photo/,35,45,1.38,1.77,,,600,1200,1:1,,2048,jpeg,,,70,80,white,#FFFFFF,6,yes,self,photo_paper_recommended,high,2026-10-03,https://icp.gov.ae/wp-content/themes/ica_v3/assets/images/servicesGuideEN2024.pdf,"Federal Authority for Identity, Citizenship, Customs & Port Security (ICP)"
ae-residence,AE,United Arab Emirates,UAE residence visa / residence permit (unified residency + Emirates ID application),https://ovalight.com/en/uae/residence-visa-photo/,35,45,1.38,1.77,,,600,1200,1:1,,2048,jpeg,,,70,80,white,#FFFFFF,6,yes,self,photo_paper_recommended,medium,2026-10-03,https://icp.gov.ae/wp-content/themes/ica_v3/assets/images/servicesGuideEN2024.pdf,"Federal Authority for Identity, Citizenship, Customs & Port Security (ICP)"
ae-visa,AE,United Arab Emirates,"UAE entry permit / visit & tourist visa (ICP for Abu Dhabi, Sharjah & Northern Emirates; GDRFA for Dubai)",https://ovalight.com/en/uae/visa-photo/,35,45,1.38,1.77,,,600,1200,1:1,,2048,jpeg,,,70,80,white,#FFFFFF,6,yes,self,photo_paper_recommended,medium,2026-10-03,https://icp.gov.ae/wp-content/themes/ica_v3/assets/images/servicesGuideEN2024.pdf,"Federal Authority for Identity, Citizenship, Customs & Port Security (ICP)"
gb-eta,GB,United Kingdom,UK Electronic Travel Authorisation (ETA) — face photo,https://ovalight.com/en/uk/eta-photo/,,,,,,,600,,,50,6000,jpeg,,,,,plain light-coloured,,,yes,self,not_applicable,high,2026-10-03,https://www.gov.uk/eta,GOV.UK
gb-passport,GB,United Kingdom,UK (British) passport — online application (digital) and paper form (2 printed photos),https://ovalight.com/en/uk/passport-photo/,35,45,1.38,1.77,,,,,,50,10000,,29,34,64.4,75.6,cream; light grey; plain light-coloured (digital),,1,yes,self,lab_print_only,high,2026-10-03,https://www.gov.uk/photos-for-passports,GOV.UK (HM Passport Office)
gb-visa,GB,United Kingdom,UK visa (e.g. Standard Visitor) — biometric enrolment,https://ovalight.com/en/uk/visa-photo/,,,,,,,,,,,,,,,,,,,,no,office,not_applicable,medium,2026-10-03,https://www.gov.uk/standard-visitor,GOV.UK
us-dv-lottery,US,United States,Diversity Visa (DV / Green Card Lottery) electronic entry photo (E-DV),https://ovalight.com/en/us/dv-lottery-photo/,,,,,600,600,600,600,1:1,,240,jpeg,25,35,50,69,white; off-white,#FFFFFF,6,yes,self,not_applicable,high,2026-10-03,https://travel.state.gov/content/travel/en/us-visas/visa-information-resources/photos.html,travel.state.gov (U.S. Department of State)
us-uscis-green-card-ead,US,United States,"USCIS paper filings needing passport-style photos (I-485 green card/adjustment, I-765 EAD, I-131 travel documents, etc.)",https://ovalight.com/en/us/green-card-photo/,50.8,50.8,2,2,,,,,,,,,25,35,,,white; off-white,#FFFFFF,,yes,self,photo_paper_recommended,high,2026-10-03,https://www.uscis.gov/sites/default/files/document/forms/i-485instr.pdf,uscis.gov
us-uscis-naturalization,US,United States,USCIS Naturalization (Form N-400),https://ovalight.com/en/us/naturalization-photo/,50.8,50.8,2,2,,,,,,,,,25,35,,,white; off-white,#FFFFFF,,no,office,photo_paper_recommended,high,2026-10-03,https://www.uscis.gov/sites/default/files/document/forms/n-400instr.pdf,uscis.gov
us-passport,US,United States,U.S. Passport book / passport card (paper DS-11 / DS-82 and online renewal),https://ovalight.com/en/us/passport-photo/,50.8,50.8,2,2,,,,,,54,10000,jpeg png heic heif,25,35,50,69,white; off-white,#FFFFFF,6,yes,self,photo_paper_recommended,high,2026-10-03,https://travel.state.gov/en/passports/apply/help/photos.html,travel.state.gov (U.S. Department of State)
us-visa,US,United States,U.S. Nonimmigrant Visa (DS-160 / DS-1648 digital upload) and Immigrant Visa (DS-260 printed photos),https://ovalight.com/en/us/visa-photo/,50.8,50.8,2,2,600,600,600,1200,1:1,,240,jpeg,25,35,50,69,white; off-white,#FFFFFF,6,yes,self,photo_paper_recommended,high,2026-10-03,https://travel.state.gov/content/travel/en/us-visas/visa-information-resources/photos.html,travel.state.gov (U.S. Department of State)
uz-evisa,UZ,Uzbekistan,Uzbekistan e-Visa (e-visa.gov.uz),https://ovalight.com/en/uzbekistan/e-visa-photo/,35,45,1.38,1.77,,,,,35:45 (7:9),,1024,jpeg,,,,,plain light or white,,,yes,self,photo_paper_recommended,high,2026-10-07,https://e-visa.gov.uz/assets/localization/en.json,Official e-Visa portal of the Republic of Uzbekistan (e-visa.gov.uz)
vn-id-card,VN,Vietnam,"Vietnamese Identity Card (thẻ căn cước, formerly CCCD)",https://ovalight.com/en/vietnam/id-card-photo/,,,,,,,,,,,,,,,,,,,,no,office,photo_paper_recommended,high,2026-10-03,https://dichvucong.bocongan.gov.vn/bocongan/bothutuc/tthc?matt=26094,Bộ Công an (Ministry of Public Security)
vn-passport,VN,Vietnam,Vietnamese ordinary passport (hộ chiếu phổ thông) issued in Vietnam - Immigration Department (Cục Quản lý xuất nhập cảnh),https://ovalight.com/en/vietnam/passport-photo/,40,60,1.57,2.36,,,,,,,,,,,,,white,#FFFFFF,6,yes,self,photo_paper_recommended,medium,2026-10-03,https://dichvucong.bocongan.gov.vn/bocongan/bothutuc/tthc?matt=29497,Bộ Công an (Ministry of Public Security)
vn-visa,VN,Vietnam,Vietnam e-Visa (evisa.gov.vn / thithucdientu.gov.vn),https://ovalight.com/en/vietnam/visa-photo/,40,60,1.57,2.36,,,,,2:3,,2048,jpeg,,,,,white,#FFFFFF,,yes,self,photo_paper_recommended,high,2026-10-03,https://evisa.gov.vn/,"Vietnam Immigration Department, Ministry of Public Security"
